state,county,population,d_i,n_i,ia_totalApprovedIhp,fema_per_capita,num_disasters,disaster_list,x_i_utilitarian,y_i,pct_need_met,per_capita_alloc
FL,Alachua County,266501.0,10852441.785714284,40.72195521110346,7596709.25,28.50536864777243,1,[4337],0.0,0,0.0,0.0
FL,Baker County,28255.0,1735396.6857142856,61.41910053846348,1214777.68,42.99337037692444,1,[4337],0.0,0,0.0,0.0
FL,Bradford County,27158.0,4164386.9571428574,153.33923547915376,2915070.87,107.33746483540762,1,[4337],0.0,0,0.0,0.0
FL,Brevard County,588165.0,36934704.37142857,62.79650161337137,25854293.06,43.957551129359956,1,[4337],0.0,0,0.0,0.0
FL,Broward County,1935945.0,151784127.31428573,78.40311956914361,106248889.12,54.882183698400524,1,[4337],0.0,0,0.0,0.0
FL,Charlotte County,181998.0,7505063.114285715,41.237063672599234,5253544.180000001,28.86594457081946,1,[4337],0.0,0,0.0,0.0
FL,Citrus County,145619.0,6640714.114285714,45.603349248969664,4648499.88,31.922344474278766,1,[4337],0.0,0,0.0,0.0
FL,Clay County,212381.0,14229138.085714286,66.99816878964826,9960396.66,46.89871815275378,1,[4337],0.0,0,0.0,0.0
FL,Collier County,373286.0,51074698.62857143,136.8245758709714,35752289.04,95.77720310967997,1,[4337],0.0,0,0.0,0.0
FL,Columbia County,70051.0,4206773.4,60.05300994989366,2944741.38,42.037106964925556,1,[4337],0.0,0,0.0,0.0
FL,DeSoto County,37159.0,4737440.442857144,127.49106388377363,3316208.31,89.24374471864151,1,[4337],0.0,0,0.0,0.0
FL,Dixie County,16609.0,1187861.3857142858,71.51913936506025,831502.97,50.063397555542174,1,[4337],0.0,0,0.0,0.0
FL,Duval County,939167.0,63496192.08571429,67.60905364617186,44447334.46,47.326337552320304,1,[4337],0.0,0,0.0,0.0
FL,Flagler County,110316.0,7491963.285714285,67.91365972038766,5244374.3,47.539561804271365,1,[4337],0.0,0,0.0,0.0
FL,Gilchrist County,17899.0,800904.3285714287,44.74575834244531,560633.03,31.32203083971172,1,[4337],0.0,0,0.0,0.0
FL,Glades County,13591.0,1506281.1714285712,110.82931141406601,1054396.8199999998,77.58051798984621,1,[4337],0.0,0,0.0,0.0
FL,Hamilton County,14397.0,261792.9,18.18385080225047,183255.03,12.728695561575329,1,[4337],0.0,0,0.0,0.0
FL,Hardee County,27172.0,3840218.2571428576,141.3299814935543,2688152.7800000003,98.93098704548801,1,[4337],0.0,0,0.0,0.0
FL,Hendry County,41074.0,6586528.328571429,160.35760648028992,4610569.83,112.25032453620295,1,[4337],0.0,0,0.0,0.0
FL,Hernando County,186899.0,8577773.885714287,45.89523692322745,6004441.720000001,32.126665846259215,1,[4337],0.0,0,0.0,0.0
FL,Highlands County,103828.0,14075287.085714288,135.56350007429873,9852700.96,94.8944500520091,1,[4337],0.0,0,0.0,0.0
FL,Hillsborough County,1428960.0,55954111.04285714,39.15722696426572,39167877.73,27.410058874986003,1,[4337],0.0,0,0.0,0.0
FL,Indian River County,154260.0,5860555.042857143,37.991410883295366,4102388.53,26.593987618306752,1,[4337],0.0,0,0.0,0.0
FL,Lafayette County,8603.0,465245.5142857143,54.079450689958655,325671.86,37.855615482971054,1,[4337],0.0,0,0.0,0.0
FL,Lake County,345848.0,16752349.471428571,48.438474333894,11726644.63,33.9069320337258,1,[4337],0.0,0,0.0,0.0
FL,Lee County,741188.0,73530728.2,99.20658213570647,51471509.74,69.44460749499453,1,[4337],0.0,0,0.0,0.0
FL,Levy County,40339.0,1836407.4857142856,45.52436812301459,1285485.24,31.867057686110215,1,[4337],0.0,0,0.0,0.0
FL,Manatee County,385458.0,14856351.171428572,38.542075067656064,10399445.82,26.979452547359244,1,[4337],0.0,0,0.0,0.0
FL,Marion County,353953.0,27082699.5,76.51495961328199,18957889.65,53.56047172929739,1,[4337],0.0,0,0.0,0.0
FL,Martin County,159716.0,3726762.9857142856,23.33368595328136,2608734.09,16.33358016729695,1,[4337],0.0,0,0.0,0.0
FL,Miami-Dade County,2709126.0,318999569.4571429,117.74999370909396,223299698.62,82.42499559636576,1,[4337],0.0,0,0.0,0.0
FL,Monroe County,76556.0,95521739.85714288,1247.7368182394964,66865217.900000006,873.4157727676472,1,[4337],95521739.85714285,1,99.99999999999997,1247.736818239496
FL,Nassau County,83024.0,4301328.342857143,51.80825234699777,3010929.84,36.26577664289844,1,[4337],0.0,0,0.0,0.0
FL,Okeechobee County,41248.0,3142115.457142857,76.17618932173335,2199480.82,53.32333252521334,1,[4337],0.0,0,0.0,0.0
FL,Orange County,1357720.0,68368468.30000001,50.35535183984917,47857927.81,35.24874628789441,1,[4337],0.0,0,0.0,0.0
FL,Osceola County,353306.0,15419160.17142857,43.64250867924284,10793412.12,30.549756075469986,1,[4337],0.0,0,0.0,0.0
FL,Palm Beach County,1470583.0,80968664.84285715,55.05888810278451,56678065.39,38.54122167194915,1,[4337],0.0,0,0.0,0.0
FL,Pasco County,525533.0,23777566.542857144,45.24466882737553,16644296.58,31.67126817916287,1,[4337],0.0,0,0.0,0.0
FL,Pinellas County,968886.0,65467423.92857143,67.56979038666204,45827196.75,47.29885327066342,1,[4337],0.0,0,0.0,0.0
FL,Polk County,685790.0,57410430.0,83.71430029600899,40187301.0,58.60001020720629,1,[4337],0.0,0,0.0,0.0
FL,Putnam County,73418.0,9666087.971428571,131.65828504492865,6766261.58,92.16079953145005,1,[4337],0.0,0,0.0,0.0
FL,Sarasota County,420073.0,14806186.07142857,35.24669776783695,10364330.25,24.672688437485867,1,[4337],0.0,0,0.0,0.0
FL,Seminole County,463052.0,28802119.32857143,62.20061532737453,20161483.53,43.54043072916217,1,[4337],0.0,0,0.0,0.0
FL,St. Johns County,244067.0,9274265.871428572,37.99885224724593,6491986.11,26.59919657307215,1,[4337],0.0,0,0.0,0.0
FL,St. Lucie County,313207.0,17770773.485714287,56.73811085229349,12439541.44,39.716677596605436,1,[4337],0.0,0,0.0,0.0
FL,Sumter County,125298.0,4005315.6142857145,31.966317214047425,2803720.93,22.3764220498332,1,[4337],0.0,0,0.0,0.0
FL,Suwannee County,44125.0,2317199.385714285,52.5144336705787,1622039.5699999998,36.760103569405096,1,[4337],0.0,0,0.0,0.0
FL,Union County,15455.0,670589.2714285714,43.3897943337801,469412.49,30.37285603364607,1,[4337],0.0,0,0.0,0.0
FL,Volusia County,538755.0,35680254.72857143,66.2272363663844,24976178.31,46.35906545646908,2,"[4337, 4338]",0.0,0,0.0,0.0
GA,Bulloch County,76046.0,0.0,0.0,0.0,0.0,1,[4337],0.0,0,,0.0
GA,Camden County,53211.0,3310307.1857142854,62.210956112726414,2317215.03,43.547669278908494,1,[4338],0.0,0,0.0,0.0
GA,Charlton County,12779.0,416981.1285714285,32.63018456619677,291886.79,22.84112919633774,1,[4338],0.0,0,0.0,0.0
GA,Chatham County,289771.0,6932444.114285714,23.923871313160095,4852710.88,16.746709919212066,2,"[4337, 4338]",0.0,0,0.0,0.0
GA,Coffee County,42871.0,317129.8571428572,7.3973048714249074,221990.9,5.178113409997434,1,[4338],0.0,0,0.0,0.0
GA,Dougherty County,89537.0,0.0,0.0,0.0,0.0,1,[4337],0.0,0,,0.0
GA,Glynn County,84836.0,6590321.742857144,77.68307962253223,4613225.220000001,54.37815573577256,1,[4338],0.0,0,0.0,0.0
GA,Liberty County,61819.0,1018757.3714285716,16.47968054204325,713130.16,11.535776379430272,1,[4338],0.0,0,0.0,0.0
GA,McIntosh County,14092.0,899063.8428571428,63.79959146020031,629344.69,44.659714022140214,1,[4338],0.0,0,0.0,0.0
PR,Adjuntas,18503.0,29916677.125,1616.855489650327,11966670.85,646.7421958601308,1,[4339],29916677.125,1,100.0,1616.855489650327
PR,Aguada,39260.0,46281740.875,1178.852289225675,18512696.35,471.54091569027,1,[4339],46281740.875,1,100.0,1178.852289225675
PR,Aguadilla,56765.0,40633246.6,715.8151431339734,16253298.64,286.3260572535894,1,[4339],40633246.6,1,100.0,715.8151431339734
PR,Aguas Buenas,25515.0,31362651.125,1229.1848373505782,12545060.45,491.6739349402312,1,[4339],31362651.125,1,100.0,1229.1848373505782
PR,Aibonito,25030.0,43323548.2,1730.864890131842,17329419.28,692.3459560527367,1,[4339],43323548.2,1,100.0,1730.864890131842
PR,Anasco,26645.0,42565419.97500001,1597.5012188027777,17026167.990000002,639.0004875211109,2,"[4337, 4339]",42565419.97500001,1,100.0,1597.5012188027777
PR,Arecibo,90083.0,102470845.35,1137.5159058867932,40988338.14,455.00636235471734,1,[4339],102470845.35,1,100.0,1137.5159058867932
PR,Arroyo,16888.0,24219554.725,1434.1280628256752,9687821.89,573.6512251302701,1,[4339],24219554.725,1,100.0,1434.1280628256752
PR,Barceloneta,23364.0,31443718.8,1345.8191576784798,12577487.52,538.3276630713918,1,[4339],31443718.8,1,100.0,1345.8191576784798
PR,Barranquitas,29466.0,54056463.975,1834.536889126451,21622585.59,733.8147556505803,1,[4339],54056463.975,1,100.0,1834.536889126451
PR,Bayamon,191556.0,122425757.1,639.1120982897951,48970302.84,255.6448393159181,1,[4339],122425757.1,1,100.0,639.1120982897951
PR,Cabo Rojo,48455.0,16892577.975,348.624042410484,6757031.19,139.44961696419358,1,[4339],0.0,0,0.0,0.0
PR,Caguas,131805.0,97671568.025,741.030826030879,39068627.21,296.4123304123516,1,[4339],97671568.025,1,100.0,741.030826030879
PR,Camuy,33505.0,24168722.7,721.3467452619012,9667489.08,288.5386981047605,1,[4339],24168722.7,1,100.0,721.3467452619012
PR,Canovanas,44034.0,94625038.25000001,2148.908530907935,37850015.300000004,859.563412363174,2,"[4336, 4339]",94625038.25,1,99.99999999999999,2148.9085309079346
PR,Carolina,160905.0,74638809.075,463.86879882539387,29855523.63,185.54751953015753,1,[4339],0.0,0,0.0,0.0
PR,Catano,24532.0,22528078.225,918.3139664519812,9011231.29,367.3255865807924,2,"[4336, 4339]",22528078.225,1,100.0,918.3139664519812
PR,Cayey,43477.0,53209837.25,1223.8617487407134,21283934.9,489.5446994962854,1,[4339],53209837.25,1,100.0,1223.8617487407134
PR,Ceiba,11961.0,14181535.175,1185.6479537664075,5672614.069999999,474.2591815065629,1,[4339],14181535.175,1,100.0,1185.6479537664075
PR,Ciales,17539.0,38111658.025000006,2172.9664191230972,15244663.21,869.1865676492389,1,[4339],38111658.025000006,1,100.0,2172.9664191230972
PR,Cidra,41094.0,45685720.05,1111.7369944517447,18274288.02,444.6947977806979,1,[4339],45685720.05,1,100.0,1111.7369944517447
PR,Coamo,36250.0,42675174.55,1177.2461944827585,17070069.82,470.89847779310344,1,[4339],42675174.55,1,100.0,1177.2461944827585
PR,Comerio,19502.0,44327658.875,2272.980149471849,17731063.55,909.1920597887397,1,[4339],44327658.875,1,100.0,2272.980149471849
PR,Corozal,35371.0,64071933.575,1811.425562607786,25628773.43,724.5702250431144,1,[4339],64071933.575,1,100.0,1811.425562607786
PR,Culebra,1824.0,4122047.825,2259.894640899123,1648819.13,903.9578563596491,2,"[4336, 4339]",4122047.825,1,100.0,2259.894640899123
PR,Dorado,36721.0,43764101.9,1191.8003839764713,17505640.759999998,476.72015359058844,2,"[4336, 4339]",43764101.9,1,100.0,1191.8003839764713
PR,Fajardo,33408.0,22921832.7,686.1180765086207,9168733.08,274.4472306034483,3,"[4336, 4337, 4339]",22921832.7,1,100.0,686.1180765086207
PR,Florida,12058.0,16150752.025,1339.4221284624316,6460300.81,535.7688513849725,1,[4339],16150752.025,1,100.0,1339.4221284624316
PR,Guanica,15372.0,11135565.75,724.4057864949258,4454226.3,289.7623145979703,1,[4339],11135565.75,1,100.0,724.4057864949258
PR,Guayama,39225.0,64461069.500000015,1643.3669725940092,25784427.800000004,657.3467890376037,2,"[4337, 4339]",64461069.5,1,99.99999999999997,1643.366972594009
PR,Guayanilla,18798.0,16545886.15,880.1939647834877,6618354.46,352.077585913395,1,[4339],16545886.15,1,100.0,880.1939647834877
PR,Guaynabo,91928.0,55213430.650000006,600.6160326559917,22085372.26,240.24641306239667,1,[4339],55213430.65,1,99.99999999999999,600.6160326559916
PR,Gurabo,42119.0,31508223.0,748.0762363778817,12603289.2,299.2304945511527,1,[4339],31508223.0,1,100.0,748.0762363778817
PR,Hatillo,39540.0,33355615.85,843.5917008093071,13342246.34,337.4366803237228,1,[4339],33355615.85,1,100.0,843.5917008093071
PR,Hormigueros,16131.0,6820513.75,422.8202684272519,2728205.5,169.12810737090075,1,[4339],0.0,0,0.0,0.0
PR,Humacao,53084.0,83064522.25,1564.775115854118,33225808.9,625.9100463416472,2,"[4337, 4339]",83064522.25,1,100.0,1564.775115854118
PR,Isabela,43711.0,33176349.2,758.9931413145432,13270539.68,303.5972565258173,1,[4339],33176349.2,1,100.0,758.9931413145432
PR,Jayuya,15334.0,23604811.05,1539.377269466545,9441924.42,615.750907786618,1,[4339],23604811.05,1,100.0,1539.377269466545
PR,Juana Diaz,47816.0,56406583.75,1179.6591883469969,22562633.5,471.8636753387987,2,"[4337, 4339]",56406583.75,1,100.0,1179.6591883469969
PR,Juncos,38064.0,42797928.075,1124.3675933953343,17119171.23,449.7470373581337,1,[4339],42797928.075,1,100.0,1124.3675933953343
PR,Lajas,24005.0,11550763.900000002,481.18158300354105,4620305.5600000005,192.4726332014164,1,[4339],11550763.9,1,99.99999999999999,481.18158300354094
PR,Lares,28822.0,21321901.825000003,739.778704635348,8528760.73,295.9114818541392,1,[4339],21321901.825000003,1,100.0,739.778704635348
PR,Las Marias,9181.0,9447589.2,1029.0370547870602,3779035.68,411.6148219148241,1,[4339],9447589.2,1,100.0,1029.0370547870602
PR,Las Piedras,36239.0,39038187.025,1077.2423914843125,15615274.81,430.896956593725,2,"[4337, 4339]",39038187.025,1,100.0,1077.2423914843125
PR,Loiza,25441.0,36300109.65,1426.8350163122518,14520043.86,570.7340065249007,2,"[4336, 4339]",36300109.65,1,100.0,1426.8350163122518
PR,Luquillo,18432.0,14420666.649999999,782.3712375217013,5768266.659999999,312.94849500868054,2,"[4336, 4339]",14420666.65,1,100.00000000000003,782.3712375217015
PR,Manati,40805.0,41287845.1,1011.8329886043377,16515138.04,404.73319544173506,1,[4339],41287845.1,1,100.0,1011.8329886043377
PR,Maricao,5156.0,6919392.375,1342.0078306826997,2767756.95,536.80313227308,1,[4339],6919392.375,1,100.0,1342.0078306826997
PR,Maunabo,11050.0,21968841.525,1988.130454751131,8787536.61,795.2521819004525,1,[4339],21968841.525,1,100.0,1988.130454751131
PR,Mayaguez,77177.0,46205547.325,598.6958203221168,18482218.93,239.47832812884667,1,[4339],46205547.325,1,100.0,598.6958203221168
PR,Moca,38302.0,34161082.225,891.88768797974,13664432.89,356.755075191896,1,[4339],34161082.225,1,100.0,891.88768797974
PR,Morovis,29862.0,57391254.55000001,1921.8824777308957,22956501.820000004,768.7529910923583,1,[4339],57391254.55,1,99.99999999999997,1921.8824777308953
PR,Naguabo,24369.0,37531414.6,1540.1294513521277,15012565.840000002,616.0517805408512,1,[4339],37531414.6,1,100.0,1540.1294513521277
PR,Naranjito,29656.0,58471889.45,1971.671481319126,23388755.78,788.6685925276504,1,[4339],58471889.45,1,100.0,1971.671481319126
PR,Orocovis,22005.0,48663863.275,2211.49117359691,19465545.31,884.5964694387638,1,[4339],48663863.275,1,100.0,2211.49117359691
PR,Patillas,16912.0,28908951.3,1709.3750768684959,11563580.52,683.7500307473982,1,[4339],28908951.3,1,100.0,1709.3750768684959
PR,Penuelas,21476.0,20748308.475,966.1160586235799,8299323.39,386.4464234494319,1,[4339],20748308.475,1,100.0,966.1160586235799
PR,Ponce,145596.0,128715662.925,884.060433837468,51486265.17,353.6241735349872,1,[4339],128715662.925,1,100.0,884.060433837468
PR,Quebradillas,24271.0,14598630.5,601.4845082608874,5839452.2,240.593803304355,1,[4339],14598630.5,1,100.0,601.4845082608874
PR,Rincon,15242.0,11417030.4,749.0506757643354,4566812.16,299.62027030573415,1,[4339],11417030.4,1,100.0,749.0506757643354
PR,Rio Grande,49084.0,47450604.125,966.7224375560264,18980241.65,386.68897502241055,1,[4339],47450604.125,1,100.0,966.7224375560264
PR,Sabana Grande,23498.0,6699502.850000001,285.10949229721683,2679801.14,114.04379691888671,1,[4339],0.0,0,0.0,0.0
PR,Salinas,27375.0,58234515.85,2127.2882502283105,23293806.34,850.9153000913242,1,[4339],58234515.85,1,100.0,2127.2882502283105
PR,San German,32917.0,12036672.725,365.6673671659021,4814669.09,146.26694686636085,1,[4339],0.0,0,0.0,0.0
PR,San Juan,356296.0,166218520.275,466.5180644043155,66487408.11,186.6072257617262,2,"[4337, 4339]",158130250.41499984,1,95.13395387793217,443.8170802226234
PR,San Lorenzo,38697.0,32644058.05,843.5811057704732,13057623.22,337.4324423081893,1,[4339],32644058.05,1,100.0,843.5811057704732
PR,San Sebastian,40267.0,28930917.8,718.4771102888221,11572367.12,287.3908441155288,1,[4339],28930917.8,1,100.0,718.4771102888221
PR,Santa Isabel,21161.0,28065373.15,1326.278207551628,11226149.26,530.5112830206511,1,[4339],28065373.15,1,100.0,1326.278207551628
PR,Toa Alta,69211.0,70771951.275,1022.5535142535147,28308780.51,409.02140570140585,1,[4339],70771951.275,1,100.0,1022.5535142535147
PR,Toa Baja,79330.0,139157098.82500002,1754.1547816084712,55662839.53,701.6619126433884,2,"[4336, 4339]",139157098.82500002,1,100.0,1754.1547816084712
PR,Trujillo Alto,69817.0,41147636.1,589.3641391065214,16459054.44,235.74565564260854,1,[4339],41147636.1,1,100.0,589.3641391065214
PR,Utuado,29601.0,46983944.6,1587.2418026418027,18793577.84,634.896721056721,1,[4339],46983944.6,1,100.0,1587.2418026418027
PR,Vega Alta,36691.0,46695427.075,1272.6670593606061,18678170.83,509.0668237442424,1,[4339],46695427.075,1,100.0,1272.6670593606061
PR,Vega Baja,55857.0,71760921.29999998,1284.7256619582145,28704368.52,513.8902647832858,2,"[4336, 4339]",71760921.3,1,100.00000000000003,1284.7256619582147
PR,Vieques,8577.0,26555433.299999997,3096.121406086044,10622173.319999998,1238.4485624344175,2,"[4336, 4339]",26555433.3,1,100.00000000000003,3096.1214060860443
PR,Villalba,23139.0,27335292.85,1181.3515212411946,10934117.14,472.54060849647783,1,[4339],27335292.85,1,100.0,1181.3515212411946
PR,Yabucoa,32375.0,61984764.7,1914.5873266409267,24793905.88,765.8349306563706,1,[4339],61984764.7,1,100.0,1914.5873266409267
PR,Yauco,36307.0,22699279.225,625.203933814416,9079711.69,250.08157352576637,1,[4339],22699279.225,1,100.0,625.203933814416
SC,Cherokee County,56974.0,0.0,0.0,0.0,0.0,1,[4337],0.0,0,,0.0
TX,Aransas County,25421.0,43611157.08571429,1715.5563150825808,30527809.96,1200.8894205578065,1,[4332],43611157.08571429,1,100.0,1715.5563150825808
TX,Austin County,29729.0,1722962.7,57.95562245618756,1206073.89,40.568935719331286,1,[4332],0.0,0,0.0,0.0
TX,Bastrop County,84624.0,1144866.442857143,13.52886229505983,801406.51,9.47020360654188,1,[4332],0.0,0,0.0,0.0
TX,Bee County,32598.0,1224189.3571428573,37.55412470528429,856932.55,26.287887293699,1,[4332],0.0,0,0.0,0.0
TX,Blanco County,11473.0,714.2857142857143,0.06225797213333168,500.0,0.043580580493332174,1,[4337],0.0,0,0.0,0.0
TX,Brazoria County,362261.0,107270550.9714286,296.11399231887674,75089385.68,207.27979462321366,1,[4332],0.0,0,0.0,0.0
TX,Burnet County,46592.0,0.0,0.0,0.0,0.0,1,[4337],0.0,0,,0.0
TX,Caldwell County,42302.0,423322.8000000001,10.007158053992722,296325.96,7.0050106377949035,1,[4332],0.0,0,0.0,0.0
TX,Calhoun County,21716.0,7039526.128571428,324.16311146488437,4927668.29,226.91417802541903,1,[4332],0.0,0,0.0,0.0
TX,Chambers County,41249.0,37037664.571428575,897.9045448720835,25926365.200000003,628.5331814104585,1,[4332],37037664.571428575,1,100.0,897.9045448720835
TX,Colorado County,21301.0,2386597.0142857144,112.04154801585439,1670617.91,78.42908361109806,1,[4332],0.0,0,0.0,0.0
TX,DeWitt County,20164.0,1105044.085714286,54.80282115226572,773530.8600000001,38.361974806586,1,[4332],0.0,0,0.0,0.0
TX,Fayette County,25110.0,7930911.985714287,315.8467537122376,5551638.390000001,221.09272759856634,1,[4332],0.0,0,0.0,0.0
TX,Fort Bend County,768258.0,139342422.8857143,181.37451596431706,97539696.02,126.96216117502193,1,[4332],0.0,0,0.0,0.0
TX,Galveston County,334691.0,155857807.14285713,465.676720147411,109100465.0,325.97370410318774,1,[4332],15585780.714285715,1,10.0,46.567672014741106
TX,Goliad County,7559.0,985620.8285714284,130.39037287623077,689934.58,91.27326101336155,1,[4332],0.0,0,0.0,0.0
TX,Gonzales County,20743.0,430504.5571428572,20.754208993051012,301353.19,14.527946295135708,1,[4332],0.0,0,0.0,0.0
TX,Grimes County,27924.0,928138.8142857144,33.23803231219433,649697.17,23.26662261853603,1,[4332],0.0,0,0.0,0.0
TX,Hardin County,57194.0,53038486.55714286,927.3435422796598,37126940.59,649.1404795957618,1,[4332],53038486.557142854,1,99.99999999999999,927.3435422796597
TX,Harris County,4655798.0,1115168637.6714284,239.52255610561895,780618046.3699999,167.66578927393326,1,[4332],0.0,0,0.0,0.0
TX,Jackson County,14798.0,1024555.4285714286,69.23607437298477,717188.8,48.46525206108934,1,[4332],0.0,0,0.0,0.0
TX,Jasper County,35580.0,6635545.828571429,186.49651007789288,4644882.08,130.54755705452502,1,[4332],0.0,0,0.0,0.0
TX,Jefferson County,255889.0,257499130.5,1006.2923005678243,180249391.35,704.404610397477,1,[4332],257499130.5,1,100.0,1006.2923005678243
TX,Karnes County,15590.0,360708.5571428571,23.13717492898378,252495.99,16.196022450288645,1,[4332],0.0,0,0.0,0.0
TX,Kleberg County,30756.0,615123.6857142857,20.000119837244302,430586.58,14.00008388607101,1,[4332],0.0,0,0.0,0.0
TX,Lavaca County,20015.0,200756.11428571428,10.030283002034189,140529.28,7.021198101423932,1,[4332],0.0,0,0.0,0.0
TX,Lee County,17104.0,418666.3428571428,24.477686088467188,293066.43999999994,17.13438026192703,1,[4332],0.0,0,0.0,0.0
TX,Liberty County,83648.0,42928798.31428572,513.2077074680293,30050158.82,359.2453952276205,1,[4332],42928798.31428572,1,100.0,513.2077074680293
TX,Matagorda County,36848.0,8180307.214285715,222.00138987966008,5726215.05,155.40097291576205,1,[4332],0.0,0,0.0,0.0
TX,Montgomery County,571542.0,56708062.98571429,99.21941517108854,39695644.09,69.45359061976198,1,[4332],0.0,0,0.0,0.0
TX,Newton County,13909.0,5899247.4,424.1316701416349,4129473.18,296.89216909914444,1,[4332],0.0,0,0.0,0.0
TX,Nueces County,361328.0,26390172.61428571,73.03661109652646,18473120.83,51.12562776756852,1,[4332],0.0,0,0.0,0.0
TX,Orange County,85056.0,181811579.9142857,2137.5514944775878,127268105.94,1496.2860461343114,1,[4332],181811579.91428572,1,100.00000000000003,2137.5514944775878
TX,Polk County,48938.0,4525097.814285715,92.46593269618118,3167568.47,64.72615288732682,1,[4332],0.0,0,0.0,0.0
TX,Refugio County,7178.0,7822165.142857143,1089.7415913704574,5475515.6,762.8191139593201,1,[4332],7822165.142857143,1,100.0,1089.7415913704574
TX,Sabine County,10422.0,170100.94285714286,16.321333991282177,119070.66,11.424933793897525,1,[4332],0.0,0,0.0,0.0
TX,San Jacinto County,28233.0,11678522.657142855,413.6479530033243,8174965.859999999,289.55356710232707,1,[4332],0.0,0,0.0,0.0
TX,San Patricio County,67221.0,24569432.92857143,365.5023419552138,17198603.05,255.8516393686497,1,[4332],0.0,0,0.0,0.0
TX,Tyler County,21498.0,3208673.9285714286,149.2545319830416,2246071.75,104.47817238812912,1,[4332],0.0,0,0.0,0.0
TX,Victoria County,92011.0,18700162.12857143,203.2383315969985,13090113.489999998,142.26683211789893,1,[4332],0.0,0,0.0,0.0
TX,Walker County,72764.0,2407167.4857142856,33.08184659604043,1685017.24,23.1572926172283,1,[4332],0.0,0,0.0,0.0
TX,Waller County,51736.0,5801734.185714286,112.1411432216307,4061213.93,78.49880025514149,1,[4332],0.0,0,0.0,0.0
TX,Wharton County,41869.0,22063392.77142857,526.9624966306473,15444374.94,368.87374764145306,1,[4332],22063392.77142857,1,100.0,526.9624966306473
VI,St. Croix,50601.0,47306523.4,934.8930534969664,33114566.38,654.4251374478765,1,[4340],47306523.4,1,100.0,934.8930534969664
VI,St. John,4170.0,18161250.385714285,4355.21591983556,12712875.27,3048.651143884892,2,"[4335, 4340]",18161250.385714285,1,100.0,4355.21591983556
VI,St. Thomas,51634.0,55811614.38571429,1080.9082074934015,39068130.07000001,756.6357452453811,2,"[4335, 4340]",55811614.385714285,1,99.99999999999999,1080.9082074934013
